,Water,Water170,Methanol,MethanolEcl
0,-76.03240014463478,-76.03240015697874,-115.06371436219717,-115.06144588165921
