,Water,Water170,Methanol,MethanolEcl
scf/3-21G,-75.58533236407953,-75.53503329365745,-114.39307017299637,-114.39073322494451
scf/6-311G*,-76.03200723207686,-75.97834376207507,-115.06196650555954,-115.05977996688551
