,dipder,om,IR_Intensity
0,[0.         0.         0.26403247],2209.3410613524165,67.96196024759116
