,dipder,om,IR_Intensity
0,[  0.           0.         -16.82499093],2159.7661925963785,275969.37801050366
