,dipder,om,IR_Intensity
0,[  0.           0.         -17.11896432],(2124.747294695649+0j),285697.3359210835
