,dipder,om,IR_Intensity
0,[1.00246164e-69 0.00000000e+00 3.76071571e-01],(2438.7088627375133+0j),137.87712687034949
