,dipder,om,IR_Intensity
0,[  0.           0.         -16.82499093],(2159.7661925028724+0j),275969.37797218515
